Workbook

Sheet BATTING
A1: S.NO | B1: BATSMAN | C1: MATCHES | D1: INNINGS | E1: RUNS | F1: BALLS | G1: NOT OUTS | H1: STRIKERATE | I1: AVERAGE | J1: Balls/bdry | K1: SIXES | L1: FOURS | M1: 50 | N1: 100 | O1: BEST | P1: RECENT
A2: 1 | B2: HONNUR SWAMY | C2: 84 | D2: 76 | E2: 1609 | F2: 713 | G2: 8 | H2: =ROUND((E2*100)/F2,4) -> 225.6662 | I2: =ROUND(E2/(D2-G2),4) -> 23.6618 | J2: =ROUND(BATTING!$F2/(BATTING!$K2+BATTING!$L2),4) -> 2.6213 | K2: 165 | L2: 107 | M2: 7 | N2: 1 | O2: 107*(33) | P2: 107*(33)
A3: 2 | B3: UJWAL | C3: 72 | D3: 62 | E3: 995 | F3: 598 | G3: 10 | H3: =ROUND((E3*100)/F3,4) -> 166.388 | I3: =ROUND(E3/(D3-G3),4) -> 19.1346 | J3: =ROUND(BATTING!$F3/(BATTING!$K3+BATTING!$L3),4) -> 3.6914 | K3: 61 | L3: 101 | M3: 1 | N3: 0 | O3: 76(23) | P3: 4(3)
A4: 3 | B4: AKASH | C4: 78 | D4: 66 | E4: 745 | F4: 479 | G4: 9 | H4: =ROUND((E4*100)/F4,4) -> 155.5324 | I4: =ROUND(E4/(D4-G4),4) -> 13.0702 | J4: =ROUND(BATTING!$F4/(BATTING!$K4+BATTING!$L4),4) -> 4.3153 | K4: 46 | L4: 65 | M4: 2 | N4: 0 | O4: 56(16)* | P4: 14(5)
A5: 4 | B5: VISHNU VY | C5: 87 | D5: 70 | E5: 558 | F5: 434 | G5: 16 | H5: =ROUND((E5*100)/F5,4) -> 128.5714 | I5: =ROUND(E5/(D5-G5),4) -> 10.3333 | J5: =ROUND(BATTING!$F5/(BATTING!$K5+BATTING!$L5),4) -> 4.9885 | K5: 36 | L5: 51 | M5: 1 | N5: 0 | O5: 61(30) | P5: 0(2)
A6: 5 | B6: PRASHANTH | C6: 59 | D6: 48 | E6: 473 | F6: 340 | G6: 10 | H6: =ROUND((E6*100)/F6,4) -> 139.1176 | I6: =ROUND(E6/(D6-G6),4) -> 12.4474 | J6: =ROUND(BATTING!$F6/(BATTING!$K6+BATTING!$L6),4) -> 4.8571 | K6: 22 | L6: 48 | M6: 0 | N6: 0 | O6: 37(19) | P6: 0(1)
A7: 6 | B7: NIKHIL | C7: 46 | D7: 33 | E7: 318 | F7: 203 | G7: 7 | H7: =ROUND((E7*100)/F7,4) -> 156.6502 | I7: =ROUND(E7/(D7-G7),4) -> 12.2308 | J7: =ROUND(BATTING!$F7/(BATTING!$K7+BATTING!$L7),4) -> 3.9804 | K7: 23 | L7: 28 | M7: 0 | N7: 0 | O7: 47(23) | P7: 0(1)
A8: 7 | B8: NIHAAL | C8: 55 | D8: 41 | E8: 311 | F8: 213 | G8: 7 | H8: =ROUND((E8*100)/F8,4) -> 146.0094 | I8: =ROUND(E8/(D8-G8),4) -> 9.1471 | J8: =ROUND(BATTING!$F8/(BATTING!$K8+BATTING!$L8),4) -> 4.6304 | K8: 29 | L8: 17 | M8: 0 | N8: 0 | O8: 41(22)* | P8: 2(7)
A9: 8 | B9: SHASHANK SHETTY | C9: 103 | D9: 51 | E9: 307 | F9: 280 | G9: 17 | H9: =ROUND((E9*100)/F9,4) -> 109.6429 | I9: =ROUND(E9/(D9-G9),4) -> 9.0294 | J9: =ROUND(BATTING!$F9/(BATTING!$K9+BATTING!$L9),4) -> 6.6667 | K9: 13 | L9: 29 | M9: 0 | N9: 0 | O9: 25(20)* | P9: 6(1)
A10: 9 | B10: BHARGAV | C10: 56 | D10: 44 | E10: 301 | F10: 207 | G10: 5 | H10: =ROUND((E10*100)/F10,4) -> 145.4106 | I10: =ROUND(E10/(D10-G10),4) -> 7.7179 | J10: =ROUND(BATTING!$F10/(BATTING!$K10+BATTING!$L10),4) -> 4.7045 | K10: 26 | L10: 18 | M10: 0 | N10: 0 | O10: 34(15) | P10: 12(7)
A11: 10 | B11: AKSHAY | C11: 46 | D11: 32 | E11: 227 | F11: 206 | G11: 15 | H11: =ROUND((E11*100)/F11,4) -> 110.1942 | I11: =ROUND(E11/(D11-G11),4) -> 13.3529 | J11: =ROUND(BATTING!$F11/(BATTING!$K11+BATTING!$L11),4) -> 6.8667 | K11: 6 | L11: 24 | M11: 0 | N11: 0 | O11: 41(28)* | P11: 5*(2)
A12: 11 | B12: SHIVRAJ | C12: 35 | D12: 24 | E12: 222 | F12: 180 | G12: 5 | H12: =ROUND((E12*100)/F12,4) -> 123.3333 | I12: =ROUND(E12/(D12-G12),4) -> 11.6842 | J12: =ROUND(BATTING!$F12/(BATTING!$K12+BATTING!$L12),4) -> 6 | K12: 12 | L12: 18 | M12: 0 | N12: 0 | O12: 27(13) | P12: 4(7)
A13: 12 | B13: NITIN | C13: 33 | D13: 22 | E13: 146 | F13: 104 | G13: 6 | H13: =ROUND((E13*100)/F13,4) -> 140.3846 | I13: =ROUND(E13/(D13-G13),4) -> 9.125 | J13: =ROUND(BATTING!$F13/(BATTING!$K13+BATTING!$L13),4) -> 5.7778 | K13: 8 | L13: 10 | M13: 0 | N13: 0 | O13: 25(10) | P13: 1*(1)
... A16: 15 | B16: TUSHAR | C16: 31 | D16: 20 | E16: 66 | F16: 79 | G16: 1 | H16: =ROUND((E16*100)/F16,4) -> 83.5443 | I16: =ROUND(E16/(D16-G16),4) -> 3.4737 | J16: =ROUND(BATTING!$F16/(BATTING!$K16+BATTING!$L16),4) -> 13.1667 | K16: 0 | L16: 6 | M16: 0 | N16: 0 | O16: 15(15) | P16: 11(10)
A17: 16 | B17: ADNAN | C17: 12 | D17: 9 | E17: 50 | F17: 57 | G17: 2 | H17: =ROUND((E17*100)/F17,4) -> 87.7193 | I17: =ROUND(E17/(D17-G17),4) -> 7.1429 | J17: =ROUND(BATTING!$F17/(BATTING!$K17+BATTING!$L17),4) -> 5.7 | K17: 2 | L17: 8 | M17: 0 | N17: 0 | O17: 37(12)
A18: 17 | B18: VIVEK | C18: 33 | D18: 14 | E18: 45 | F18: 51 | G18: 4 | H18: =ROUND((E18*100)/F18,4) -> 88.2353 | I18: =ROUND(E18/(D18-G18),4) -> 4.5 | J18: =ROUND(BATTING!$F18/(BATTING!$K18+BATTING!$L18),4) -> 8.5 | K18: 1 | L18: 5 | M18: 0 | N18: 0 | O18: 7(6)*
A19: 19 | B19: SUPREETH | C19: 18 | D19: 9 | E19: 36 | F19: 44 | G19: 2 | H19: =ROUND((E19*100)/F19,4) -> 81.8182 | I19: =ROUND(E19/(D19-G19),4) -> 5.1429 | J19: =ROUND(BATTING!$F19/(BATTING!$K19+BATTING!$L19),4) -> 22 | K19: 0 | L19: 2 | M19: 0 | N19: 0 | O19: 10(15)
A20: 20 | B20: CHETHAN | C20: 16 | D20: 7 | E20: 30 | F20: 44 | G20: 1 | H20: =ROUND((E20*100)/F20,4) -> 68.1818 | I20: =ROUND(E20/(D20-G20),4) -> 5 | J20: =ROUND(BATTING!$F20/(BATTING!$K20+BATTING!$L20),4) -> 44 | K20: 0 | L20: 1 | M20: 0 | N20: 0 | O20: 21(28)*
A21: 21 | B21: SAGAR | C21: 13 | D21: 9 | E21: 27 | F21: 44 | G21: 2 | H21: =ROUND((E21*100)/F21,4) -> 61.3636 | I21: =ROUND(E21/(D21-G21),4) -> 3.8571 | J21: =ROUND(BATTING!$F21/(BATTING!$K21+BATTING!$L21),4) -> 14.6667 | K21: 0 | L21: 3 | M21: 0 | N21: 0 | O21: 8(4)

Sheet BOWLING
A1: S.NO | B1: BOWLER | C1: MATCHES | D1: OVERS | E1: WICKETS | F1: RUNS | G1: ECONOMY | H1: AVERAGE | I1: STRIKE RATE | J1: 3-W | K1: 5-W | L1: BEST | M1: RECENT
A2: 1 | B2: SHASHANK SHETTY | C2: 103 | D2: 157 | E2: 112 | F2: 1540 | G2: =ROUND(F2*6 / (INT(D2)*6 + MOD(D2,1)*10),4) -> 9.8089 | H2: =ROUND(F2/E2,4) -> 13.75 | I2: =ROUND(IF(E2=0,"-", (INT(D2)*6 + MOD(D2,1)*10) / E2),4) -> 8.4107 | J2: 11 | K2: 2 | L2: 3-0-11-5 | M2: 1-0-17-0
A3: 2 | B3: HONNUR SWAMY | C3: 84 | D3: 147.4 | E3: 93 | F3: 1566 | G3: =ROUND(F3*6 / (INT(D3)*6 + MOD(D3,1)*10),4) -> 10.605 | H3: =ROUND(F3/E3,4) -> 16.8387 | I3: =ROUND(IF(E3=0,"-", (INT(D3)*6 + MOD(D3,1)*10) / E3),4) -> 9.5269 | J3: 10 | K3: 1 | L3: 3-0-21-5 | M3: 2-0-13-1
A4: 3 | B4: UJWAL | C4: 72 | D4: 122.2 | E4: 83 | F4: 1287 | G4: =ROUND(F4*6 / (INT(D4)*6 + MOD(D4,1)*10),4) -> 10.5204 | H4: =ROUND(F4/E4,4) -> 15.506 | I4: =ROUND(IF(E4=0,"-", (INT(D4)*6 + MOD(D4,1)*10) / E4),4) -> 8.8434 | J4: 6 | K4: 0 | L4: 2-0-28-4 | M4: 1-0-1-0
A5: 4 | B5: PRASHANTH | C5: 59 | D5: 96.5 | E5: 64 | F5: 1024 | G5: =ROUND(F5*6 / (INT(D5)*6 + MOD(D5,1)*10),4) -> 10.5749 | H5: =ROUND(F5/E5,4) -> 16 | I5: =ROUND(IF(E5=0,"-", (INT(D5)*6 + MOD(D5,1)*10) / E5),4) -> 9.0781 | J5: 9 | K5: 0 | L5: 2-0-23-4 | M5: 2-0-18-1
A6: 5 | B6: VISHNU VY | C6: 87 | D6: 88.3 | E6: 63 | F6: 934 | G6: =ROUND(F6*6 / (INT(D6)*6 + MOD(D6,1)*10),4) -> 10.5537 | H6: =ROUND(F6/E6,4) -> 14.8254 | I6: =ROUND(IF(E6=0,"-", (INT(D6)*6 + MOD(D6,1)*10) / E6),4) -> 8.4286 | J6: 7 | K6: 0 | L6: 1-0-6-3 | M6: 3-0-30-3
A7: 6 | B7: JEEVAN | C7: 64 | D7: 50.2 | E7: 29 | F7: 467 | G7: =ROUND(F7*6 / (INT(D7)*6 + MOD(D7,1)*10),4) -> 9.2781 | H7: =ROUND(F7/E7,4) -> 16.1034 | I7: =ROUND(IF(E7=0,"-", (INT(D7)*6 + MOD(D7,1)*10) / E7),4) -> 10.4138 | J7: 2 | K7: 0 | L7: 1-0-1-3 | M7: 1-0-18-1
A8: 7 | B8: MANOJ | C8: 46 | D8: 34.5 | E8: 27 | F8: 329 | G8: =ROUND(F8*6 / (INT(D8)*6 + MOD(D8,1)*10),4) -> 9.445 | H8: =ROUND(F8/E8,4) -> 12.1852 | I8: =ROUND(IF(E8=0,"-", (INT(D8)*6 + MOD(D8,1)*10) / E8),4) -> 7.7407 | J8: 3 | K8: 0 | L8: 1.1-0-8-3 | M8: 1-0-13-2
A9: 8 | B9: TUSHAR | C9: 31 | D9: 38 | E9: 25 | F9: 367 | G9: =ROUND(F9*6 / (INT(D9)*6 + MOD(D9,1)*10),4) -> 9.6579 | H9: =ROUND(F9/E9,4) -> 14.68 | I9: =ROUND(IF(E9=0,"-", (INT(D9)*6 + MOD(D9,1)*10) / E9),4) -> 9.12 | J9: 2 | K9: 0 | L9: 2-0-14-4
A10: 9 | B10: NITIN | C10: 33 | D10: 40 | E10: 23 | F10: 371 | G10: =ROUND(F10*6 / (INT(D10)*6 + MOD(D10,1)*10),4) -> 9.275 | H10: =ROUND(F10/E10,4) -> 16.1304 | I10: =ROUND(IF(E10=0,"-", (INT(D10)*6 + MOD(D10,1)*10) / E10),4) -> 10.4348 | J10: 2 | K10: 0 | L10: 3-0-19-4 | M10: 0.1-0-6-0
A11: 10 | B11: SUPREETH | C11: 18 | D11: 15.2 | E11: 13 | F11: 151 | G11: =ROUND(F11*6 / (INT(D11)*6 + MOD(D11,1)*10),4) -> 9.8478 | H11: =ROUND(F11/E11,4) -> 11.6154 | I11: =ROUND(IF(E11=0,"-", (INT(D11)*6 + MOD(D11,1)*10) / E11),4) -> 7.0769 | J11: 0 | K11: 0 | L11: 2-0-14-2
A12: 11 | B12: NIKHIL | C12: 46 | D12: 6 | E12: 3 | F12: 73 | G12: =ROUND(F12*6 / (INT(D12)*6 + MOD(D12,1)*10),4) -> 12.1667 | H12: =ROUND(F12/E12,4) -> 24.3333 | I12: =ROUND(IF(E12=0,"-", (INT(D12)*6 + MOD(D12,1)*10) / E12),4) -> 12 | J12: 0 | K12: 0 | L12: 1-0-10-1
A13: 12 | B13: ADNAN | C13: 12 | D13: 9 | E13: 3 | F13: 129 | G13: =ROUND(F13*6 / (INT(D13)*6 + MOD(D13,1)*10),4) -> 14.3333 | H13: =ROUND(F13/E13,4) -> 43 | I13: =ROUND(IF(E13=0,"-", (INT(D13)*6 + MOD(D13,1)*10) / E13),4) -> 18 | J13: 0 | K13: 0 | L13: 2-0-13-2
A14: 13 | B14: AKASH | C14: 76 | D14: 2.3 | E14: 1 | F14: 15 | G14: =ROUND(F14*6 / (INT(D14)*6 + MOD(D14,1)*10),4) -> 6 | H14: =ROUND(F14/E14,4) -> 15 | I14: =ROUND(IF(E14=0,"-", (INT(D14)*6 + MOD(D14,1)*10) / E14),4) -> 15 | J14: 0 | K14: 0 | L14: 0.3-0-0-1 | M14: 1-0-7-0
A15: 14 | B15: BHARGAV | C15: 54 | D15: 2 | E15: 0 | F15: 23 | G15: =ROUND(F15*6 / (INT(D15)*6 + MOD(D15,1)*10),4) -> 11.5 | H15: - | I15: - | J15: 0 | K15: 0 | L15: 1-0-11-0
A16: 15 | B16: CHETHAN | C16: 16 | D16: 0.4 | E16: 0 | F16: 14 | G16: =ROUND(F16*6 / (INT(D16)*6 + MOD(D16,1)*10),4) -> 21 | H16: - | I16: - | J16: 0 | K16: 0 | L16: 0.4-0-14-0

Sheet TEAM
A1: SERIES VS | B1: ELITE | C1: ZERO11 | D1: DOMINATORS | H1: ELITE | K1: DOMINATORS | N1: ZERO11
A2: TOTAL | B2: =B3+B4+B5 -> 10 | C2: =C3+C4+C5 -> 1 | D2: =D3+D4+D5 -> 2 | H2: 0-3 | I2: 46033 | K2: 2--1 | L2: 46143 | N2: 0--2 | O2: 46146
A3: WON | B3: 5 | C3: 0 | D3: 1 | H3: 3-0 | I3: 46038 | K3: 1--2 | L3: 46147
A4: LOST | B4: 3 | C4: 1 | D4: 1 | H4: 1--2 | I4: 46042
A5: TIE | B5: 2 | C5: 0 | D5: 0 | H5: 2--1 | I5: 46071
H6: 1--1 | I6: 46076
A7: MATCHES VS | B7: ELITE | C7: ZERO11 | D7: DOMINATORS | H7: 1--1 | I7: 46080
A8: TOTAL | B8: =B9+B10+B11 -> 28 | C8: =C9+C10+C11 -> 2 | D8: =D9+D10+D11 -> 6 | H8: 1--2 | I8: 46093
A9: WON | B9: 16 | C9: 0 | D9: 3 | H9: 2-0 | I9: 46118
A10: LOST | B10: 12 | C10: 2 | D10: 3 | H10: 2-0 | I10: 46129
A11: TIE | B11: 0 | C11: 0 | D11: 0 | H11: 2--1 | I11: 46187
H12: 1--1 | I12: HPL-UPL
